unique_id,metric,AutoTiDE,AutoBiTCN,AutoDeepNPTS,AutoLSTM,AutoNHITS,AutoTFT,AutoMLP,AutoNBEATSx,best_model
OT_raw,mse,0.12993167130245128,0.1301034703205171,0.13359531054748566,0.15962619703640535,0.16218603617943267,0.13819480897906306,0.13752375791272894,0.1575856092478261,AutoTiDE
OT_w1001_exogenous_process_dtw,mse,0.12993167130245128,0.13146908480831127,0.1342183547044284,0.16061092672580035,0.1599883117655214,0.14374020032817977,0.1358252139854498,0.15628312990102997,AutoTiDE
OT_w1001_exogenous_process_dtw_inverted,mse,0.12993167130245128,0.13146908480831127,0.1342183547044284,0.16061092672580035,0.1599883117655214,0.14374020032817977,0.1358252139854498,0.15628312990102997,AutoTiDE
OT_w1001_exogenous_process_entropy,mse,0.12993167130245128,0.13163607387436468,0.13396668747494656,0.1601351181640618,0.16995404454803886,0.14773375842822847,0.1407187347912707,0.15977185500941676,AutoTiDE
OT_w1001_exogenous_process_entropy_inverted,mse,0.12993167130245128,0.13163607387436468,0.13396668747494656,0.1601351181640618,0.16995404454803886,0.14773375842822847,0.1407187347912707,0.15977185500941676,AutoTiDE
OT_w1001_exogenous_process_farm,mse,0.12993167130245128,0.13029515054566496,0.133281455226613,0.16008088376304488,0.162756242825512,0.13805507865953132,0.13725173292634646,0.15680114957328384,AutoTiDE
OT_w1001_exogenous_process_mutual_info,mse,0.12993167130245128,0.1312517222899707,0.13434529328817718,0.16144190454730062,0.16735037084121968,0.14242270246283956,0.13849910222328443,0.15489527257471394,AutoTiDE
OT_w1001_exogenous_process_mutual_info_inverted,mse,0.12993167130245128,0.1312517222899707,0.13434529328817718,0.16144190454730062,0.16735037084121968,0.14242270246283956,0.13849910222328443,0.15489527257471394,AutoTiDE
OT_w1001_exogenous_process_rollcorr,mse,0.12993167130245128,0.1320878977971718,0.13396172830542505,0.16037564672503338,0.16190548298078716,0.1403469845617396,0.1393776528647181,0.15938313106968746,AutoTiDE
OT_w1001_exogenous_process_rollcorr_inverted,mse,0.12993167130245128,0.1320878977971718,0.13396172830542505,0.16037564672503338,0.16190548298078716,0.1403469845617396,0.1393776528647181,0.15938313106968746,AutoTiDE
OT_w1001_exogenous_process_rollcov,mse,0.12993167130245128,0.13174728819951356,0.13383838647467947,0.15956642854770453,0.16457071202252255,0.141789663029749,0.13983106136624093,0.1596164016945045,AutoTiDE
OT_w1001_exogenous_process_rollcov_inverted,mse,0.12993167130245128,0.13174728819951356,0.13383838647467947,0.15956642854770453,0.16457071202252255,0.141789663029749,0.13983106136624093,0.1596164016945045,AutoTiDE
OT_w1251_exogenous_process_dtw,mse,0.12993167130245128,0.13086875994443603,0.1340742019979394,0.15932260782820878,0.16375766911784317,0.14184982568973561,0.13864674590990267,0.1551709475766862,AutoTiDE
OT_w1251_exogenous_process_dtw_inverted,mse,0.12993167130245128,0.13086875994443603,0.1340742019979394,0.15932260782820878,0.16375766911784317,0.14184982568973561,0.13864674590990267,0.1551709475766862,AutoTiDE
OT_w1251_exogenous_process_entropy,mse,0.12993167130245128,0.13082544387145842,0.1334951545011771,0.1606806280377086,0.1734931349135639,0.1404718892620813,0.13859742001892741,0.15883525872370027,AutoTiDE
OT_w1251_exogenous_process_entropy_inverted,mse,0.12993167130245128,0.13082544387145842,0.1334951545011771,0.1606806280377086,0.1734931349135639,0.1404718892620813,0.13859742001892741,0.15883525872370027,AutoTiDE
OT_w1251_exogenous_process_farm,mse,0.12993167130245128,0.1305558064899138,0.1336519394650553,0.1599927206980027,0.16355918794775415,0.13987533993068327,0.13830184508109292,0.16001238623620176,AutoTiDE
OT_w1251_exogenous_process_mutual_info,mse,0.12993167130245128,0.13074647242209142,0.1337732433611209,0.16078564476097224,0.1643151255169361,0.14442691293836152,0.1392322791558254,0.15982413600874928,AutoTiDE
OT_w1251_exogenous_process_mutual_info_inverted,mse,0.12993167130245128,0.13074647242209142,0.1337732433611209,0.16078564476097224,0.1643151255169361,0.14442691293836152,0.1392322791558254,0.15982413600874928,AutoTiDE
OT_w1251_exogenous_process_rollcorr,mse,0.12993167130245128,0.13113453051896234,0.13411641426401877,0.16012842459716004,0.16000665711062922,0.13963867539707314,0.13850511543062824,0.15628587797312854,AutoTiDE
OT_w1251_exogenous_process_rollcorr_inverted,mse,0.12993167130245128,0.13113453051896234,0.13411641426401877,0.16012842459716004,0.16000665711062922,0.13963867539707314,0.13850511543062824,0.15628587797312854,AutoTiDE
OT_w1251_exogenous_process_rollcov,mse,0.12993167130245128,0.13043801504544852,0.1338328522129795,0.1599527493824556,0.1589200622752451,0.13865122225044177,0.13835558764665612,0.15639481427481394,AutoTiDE
OT_w1251_exogenous_process_rollcov_inverted,mse,0.12993167130245128,0.13043801504544852,0.1338328522129795,0.1599527493824556,0.1589200622752451,0.13865122225044177,0.13835558764665612,0.15639481427481394,AutoTiDE
OT_w1501_exogenous_process_dtw,mse,0.12993167130245128,0.13081617007245028,0.13342815465761765,0.1594376339666453,0.1673611610575606,0.1398193855628207,0.13818540470160753,0.15810472580397283,AutoTiDE
OT_w1501_exogenous_process_dtw_inverted,mse,0.12993167130245128,0.13081617007245028,0.13342815465761765,0.1594376339666453,0.1673611610575606,0.1398193855628207,0.13818540470160753,0.15810472580397283,AutoTiDE
OT_w1501_exogenous_process_entropy,mse,0.12993167130245128,0.1312959932442239,0.1334995069026245,0.16101234344505508,0.17086720876292072,0.1418659935635827,0.13884962139481669,0.15735692544322022,AutoTiDE
OT_w1501_exogenous_process_entropy_inverted,mse,0.12993167130245128,0.1312959932442239,0.1334995069026245,0.16101234344505508,0.17086720876292072,0.1418659935635827,0.13884962139481669,0.15735692544322022,AutoTiDE
OT_w1501_exogenous_process_farm,mse,0.12993167130245128,0.12912508853852703,0.1337110599392449,0.16026728672944382,0.16173524463349623,0.13996721080579086,0.13734360616169983,0.15857318772714482,AutoBiTCN
OT_w1501_exogenous_process_mutual_info,mse,0.12993167130245128,0.12945814206546466,0.13367073083529754,0.16035245315590707,0.1721055604053893,0.14472223681383442,0.13977522518403446,0.16407422375785446,AutoBiTCN
OT_w1501_exogenous_process_mutual_info_inverted,mse,0.12993167130245128,0.12945814206546466,0.13367073083529754,0.16035245315590707,0.1721055604053893,0.14472223681383442,0.13977522518403446,0.16407422375785446,AutoBiTCN
OT_w1501_exogenous_process_rollcorr,mse,0.12993167130245128,0.12952188948830773,0.13374692503711255,0.15967927890701808,0.16184503455671553,0.14343012605529795,0.13654729487222,0.15720857379018352,AutoBiTCN
OT_w1501_exogenous_process_rollcorr_inverted,mse,0.12993167130245128,0.12952188948830773,0.13374692503711255,0.15967927890701808,0.16184503455671553,0.14343012605529795,0.13654729487222,0.15720857379018352,AutoBiTCN
OT_w1501_exogenous_process_rollcov,mse,0.12993167130245128,0.12886940629374258,0.13358609754332215,0.15970721661948853,0.15933441822082098,0.14271810878255986,0.13645970757030212,0.15773502932178793,AutoBiTCN
OT_w1501_exogenous_process_rollcov_inverted,mse,0.12993167130245128,0.12886940629374258,0.13358609754332215,0.15970721661948853,0.15933441822082098,0.14271810878255986,0.13645970757030212,0.15773502932178793,AutoBiTCN
OT_w501_exogenous_process_dtw,mse,0.12993167130245128,0.13168846852704694,0.13418260561164777,0.1623532725402258,0.16911795714891423,0.14052766046974097,0.1404716401771188,0.16066532398209987,AutoTiDE
OT_w501_exogenous_process_dtw_inverted,mse,0.12993167130245128,0.13168846852704694,0.13418260561164777,0.1623532725402258,0.16911795714891423,0.14052766046974097,0.1404716401771188,0.16066532398209987,AutoTiDE
OT_w501_exogenous_process_entropy,mse,0.12993167130245128,0.1329193336081879,0.1339144163605588,0.16051118035480125,0.1641363395079544,0.14490066932521828,0.1442092555775723,0.16480165039809447,AutoTiDE
OT_w501_exogenous_process_entropy_inverted,mse,0.12993167130245128,0.1329193336081879,0.1339144163605588,0.16051118035480125,0.1641363395079544,0.14490066932521828,0.1442092555775723,0.16480165039809447,AutoTiDE
OT_w501_exogenous_process_farm,mse,0.12993167130245128,0.1307290381657106,0.13380985965387146,0.16000067366813717,0.16393054158385942,0.13988048254360863,0.13772650579474985,0.16016025997224015,AutoTiDE
OT_w501_exogenous_process_mutual_info,mse,0.12993167130245128,0.13111193697796442,0.1338452652403159,0.16288953278411142,0.16989088950299822,0.14767940428333876,0.14020070421421288,0.16150106002201448,AutoTiDE
OT_w501_exogenous_process_mutual_info_inverted,mse,0.12993167130245128,0.13111193697796442,0.1338452652403159,0.16288953278411142,0.16989088950299822,0.14767940428333876,0.14020070421421288,0.16150106002201448,AutoTiDE
OT_w501_exogenous_process_rollcorr,mse,0.12993167130245128,0.1320530661694838,0.13366011529732952,0.15931108543078337,0.16914829690079478,0.1357676659499209,0.13847856832073122,0.16039223721673784,AutoTiDE
OT_w501_exogenous_process_rollcorr_inverted,mse,0.12993167130245128,0.1320530661694838,0.13366011529732952,0.15931108543078337,0.16914829690079478,0.1357676659499209,0.13847856832073122,0.16039223721673784,AutoTiDE
OT_w501_exogenous_process_rollcov,mse,0.12993167130245128,0.13125030511937436,0.13361111163558168,0.1595695433907663,0.1698851641985615,0.13580947001171964,0.13750277282192325,0.16093236405109462,AutoTiDE
OT_w501_exogenous_process_rollcov_inverted,mse,0.12993167130245128,0.13125030511937436,0.13361111163558168,0.1595695433907663,0.1698851641985615,0.13580947001171964,0.13750277282192325,0.16093236405109462,AutoTiDE
OT_w751_exogenous_process_dtw,mse,0.12993167130245128,0.1326693842744847,0.13371280804599187,0.1600375625435793,0.16264073223021633,0.14310195458484778,0.1387116572332757,0.16254529997065373,AutoTiDE
OT_w751_exogenous_process_dtw_inverted,mse,0.12993167130245128,0.1326693842744847,0.13371280804599187,0.1600375625435793,0.16264073223021633,0.14310195458484778,0.1387116572332757,0.16254529997065373,AutoTiDE
OT_w751_exogenous_process_entropy,mse,0.12993167130245128,0.13193251829549255,0.13394066015129033,0.1602485959486792,0.16658643821229338,0.14460448449752558,0.14114227098340137,0.15972006826655705,AutoTiDE
OT_w751_exogenous_process_entropy_inverted,mse,0.12993167130245128,0.13193251829549255,0.13394066015129033,0.1602485959486792,0.16658643821229338,0.14460448449752558,0.14114227098340137,0.15972006826655705,AutoTiDE
OT_w751_exogenous_process_farm,mse,0.12993167130245128,0.12978873228064042,0.13373159171077184,0.16017836804067492,0.1629483639161989,0.1412940865155618,0.13769846543182226,0.15760450979358637,AutoBiTCN
OT_w751_exogenous_process_mutual_info,mse,0.12993167130245128,0.13012509901173136,0.13366442276593785,0.16102976660900706,0.16885539274150127,0.1420744637830779,0.13454638186465284,0.15585919145741736,AutoTiDE
OT_w751_exogenous_process_mutual_info_inverted,mse,0.12993167130245128,0.13012509901173136,0.13366442276593785,0.16102976660900706,0.16885539274150127,0.1420744637830779,0.13454638186465284,0.15585919145741736,AutoTiDE
OT_w751_exogenous_process_rollcorr,mse,0.12993167130245128,0.13095639007735482,0.13410833788300808,0.15987046522439716,0.16116966476400685,0.13986849422947606,0.13784395752743256,0.1582035889148319,AutoTiDE
OT_w751_exogenous_process_rollcorr_inverted,mse,0.12993167130245128,0.13095639007735482,0.13410833788300808,0.15987046522439716,0.16116966476400685,0.13986849422947606,0.13784395752743256,0.1582035889148319,AutoTiDE
OT_w751_exogenous_process_rollcov,mse,0.12993167130245128,0.13023821770263058,0.13378820124418472,0.16015867919399535,0.15958227181121382,0.14177453337936807,0.1381322141970579,0.15896496409207356,AutoTiDE
OT_w751_exogenous_process_rollcov_inverted,mse,0.12993167130245128,0.13023821770263058,0.13378820124418472,0.16015867919399535,0.15958227181121382,0.14177453337936807,0.1381322141970579,0.15896496409207356,AutoTiDE
OT_raw,mae,0.27304993036563513,0.27723076375844435,0.27987286284810975,0.3140094994855536,0.3096451659720767,0.28519574438157363,0.2867210126855618,0.30531638954730406,AutoTiDE
OT_w1001_exogenous_process_dtw,mae,0.27304993036563513,0.27879590172597923,0.2805376875832528,0.3145942315711909,0.30620748021295063,0.2915622813523554,0.2846549753512061,0.3037704429890048,AutoTiDE
OT_w1001_exogenous_process_dtw_inverted,mae,0.27304993036563513,0.27879590172597923,0.2805376875832528,0.3145942315711909,0.30620748021295063,0.2915622813523554,0.2846549753512061,0.3037704429890048,AutoTiDE
OT_w1001_exogenous_process_entropy,mae,0.27304993036563513,0.27892296502503156,0.2802432211434064,0.31443233124220715,0.3154297298850743,0.29360829616844003,0.29060860961950746,0.3072775444168289,AutoTiDE
OT_w1001_exogenous_process_entropy_inverted,mae,0.27304993036563513,0.27892296502503156,0.2802432211434064,0.31443233124220715,0.3154297298850743,0.29360829616844003,0.29060860961950746,0.3072775444168289,AutoTiDE
OT_w1001_exogenous_process_farm,mae,0.27304993036563513,0.27708404371000234,0.2794537163167601,0.3141803547548669,0.30928942068136217,0.28614815776156893,0.2858327723335186,0.3041494787914399,AutoTiDE
OT_w1001_exogenous_process_mutual_info,mae,0.27304993036563513,0.27895134334879723,0.2807696065675022,0.3162793314694576,0.3137380512994918,0.2894929422080548,0.28830344819220105,0.3030318878778428,AutoTiDE
OT_w1001_exogenous_process_mutual_info_inverted,mae,0.27304993036563513,0.27895134334879723,0.2807696065675022,0.3162793314694576,0.3137380512994918,0.2894929422080548,0.28830344819220105,0.3030318878778428,AutoTiDE
OT_w1001_exogenous_process_rollcorr,mae,0.27304993036563513,0.27999704146070903,0.2802446928889157,0.31481838606745066,0.30913207825974,0.2888587024591752,0.28972137824682015,0.30735518380474136,AutoTiDE
OT_w1001_exogenous_process_rollcorr_inverted,mae,0.27304993036563513,0.27999704146070903,0.2802446928889157,0.31481838606745066,0.30913207825974,0.2888587024591752,0.28972137824682015,0.30735518380474136,AutoTiDE
OT_w1001_exogenous_process_rollcov,mae,0.27304993036563513,0.27985998378836596,0.28026363167031815,0.31409099923167144,0.3123299576123075,0.290395928250364,0.29046634591799303,0.3077403347826028,AutoTiDE
OT_w1001_exogenous_process_rollcov_inverted,mae,0.27304993036563513,0.27985998378836596,0.28026363167031815,0.31409099923167144,0.3123299576123075,0.290395928250364,0.29046634591799303,0.3077403347826028,AutoTiDE
OT_w1251_exogenous_process_dtw,mae,0.27304993036563513,0.2782404935397509,0.28018918028882855,0.31345500484639877,0.31144752598860354,0.2889379899737921,0.2886387074723175,0.30172827444610006,AutoTiDE
OT_w1251_exogenous_process_dtw_inverted,mae,0.27304993036563513,0.2782404935397509,0.28018918028882855,0.31345500484639877,0.31144752598860354,0.2889379899737921,0.2886387074723175,0.30172827444610006,AutoTiDE
OT_w1251_exogenous_process_entropy,mae,0.27304993036563513,0.277825899573492,0.2796293630411085,0.31497201457363694,0.3178062069495041,0.2869473166806042,0.28773147530980914,0.30579407666956715,AutoTiDE
OT_w1251_exogenous_process_entropy_inverted,mae,0.27304993036563513,0.277825899573492,0.2796293630411085,0.31497201457363694,0.3178062069495041,0.2869473166806042,0.28773147530980914,0.30579407666956715,AutoTiDE
OT_w1251_exogenous_process_farm,mae,0.27304993036563513,0.2779318880583693,0.27986996811841364,0.31423700734558896,0.3098883991163195,0.2870101436652707,0.2876650640585967,0.3073479505960162,AutoTiDE
OT_w1251_exogenous_process_mutual_info,mae,0.27304993036563513,0.2792660836242485,0.28001538426594497,0.31453879859781486,0.3105981314648633,0.291597425751549,0.2889121060774684,0.3057721748085053,AutoTiDE
OT_w1251_exogenous_process_mutual_info_inverted,mae,0.27304993036563513,0.2792660836242485,0.28001538426594497,0.31453879859781486,0.3105981314648633,0.291597425751549,0.2889121060774684,0.3057721748085053,AutoTiDE
OT_w1251_exogenous_process_rollcorr,mae,0.27304993036563513,0.2786599379541814,0.28046671418615854,0.3143558710837925,0.3071082167496837,0.2872176501415593,0.28865635992669053,0.3050481387777432,AutoTiDE
OT_w1251_exogenous_process_rollcorr_inverted,mae,0.27304993036563513,0.2786599379541814,0.28046671418615854,0.3143558710837925,0.3071082167496837,0.2872176501415593,0.28865635992669053,0.3050481387777432,AutoTiDE
OT_w1251_exogenous_process_rollcov,mae,0.27304993036563513,0.27827898708927834,0.2802160290031819,0.3142251054443599,0.30657481199679726,0.2862050230468277,0.2887577168441974,0.3049743297427436,AutoTiDE
OT_w1251_exogenous_process_rollcov_inverted,mae,0.27304993036563513,0.27827898708927834,0.2802160290031819,0.3142251054443599,0.30657481199679726,0.2862050230468277,0.2887577168441974,0.3049743297427436,AutoTiDE
OT_w1501_exogenous_process_dtw,mae,0.27304993036563513,0.27805230855932983,0.2795674264372344,0.31373528994410654,0.31393489592182144,0.28741839671747327,0.28791160774542046,0.3057874528864724,AutoTiDE
OT_w1501_exogenous_process_dtw_inverted,mae,0.27304993036563513,0.27805230855932983,0.2795674264372344,0.31373528994410654,0.31393489592182144,0.28741839671747327,0.28791160774542046,0.3057874528864724,AutoTiDE
OT_w1501_exogenous_process_entropy,mae,0.27304993036563513,0.27759559151906216,0.2796325043169547,0.3150212274241858,0.3150098461561651,0.28926625730885464,0.2870778284922632,0.30293598305368424,AutoTiDE
OT_w1501_exogenous_process_entropy_inverted,mae,0.27304993036563513,0.27759559151906216,0.2796325043169547,0.3150212274241858,0.3150098461561651,0.28926625730885464,0.2870778284922632,0.30293598305368424,AutoTiDE
OT_w1501_exogenous_process_farm,mae,0.27304993036563513,0.2755854034679153,0.2800535345144908,0.31475873003037547,0.3093173748418358,0.2877259578783786,0.28654271964911876,0.3056186492839795,AutoTiDE
OT_w1501_exogenous_process_mutual_info,mae,0.27304993036563513,0.2780453304647152,0.2799704463668683,0.3137657862284616,0.31641613683853825,0.2918281088277703,0.2899837187421034,0.31038094878500294,AutoTiDE
OT_w1501_exogenous_process_mutual_info_inverted,mae,0.27304993036563513,0.2780453304647152,0.2799704463668683,0.3137657862284616,0.31641613683853825,0.2918281088277703,0.2899837187421034,0.31038094878500294,AutoTiDE
OT_w1501_exogenous_process_rollcorr,mae,0.27304993036563513,0.27695764438856557,0.28005846435902876,0.31381389161091566,0.3087715362413948,0.2913229293071366,0.286145923876273,0.30500465912979297,AutoTiDE
OT_w1501_exogenous_process_rollcorr_inverted,mae,0.27304993036563513,0.27695764438856557,0.28005846435902876,0.31381389161091566,0.3087715362413948,0.2913229293071366,0.286145923876273,0.30500465912979297,AutoTiDE
OT_w1501_exogenous_process_rollcov,mae,0.27304993036563513,0.27631099519201535,0.2798868792769674,0.3137477701647685,0.3060289502519086,0.2907595371360151,0.28642357452379635,0.30591345339164083,AutoTiDE
OT_w1501_exogenous_process_rollcov_inverted,mae,0.27304993036563513,0.27631099519201535,0.2798868792769674,0.3137477701647685,0.3060289502519086,0.2907595371360151,0.28642357452379635,0.30591345339164083,AutoTiDE
OT_w501_exogenous_process_dtw,mae,0.27304993036563513,0.279397436072544,0.2804444676314315,0.31585052743406744,0.31425421326868314,0.2873439385187074,0.29152566072899994,0.30951248300529716,AutoTiDE
OT_w501_exogenous_process_dtw_inverted,mae,0.27304993036563513,0.279397436072544,0.2804444676314315,0.31585052743406744,0.31425421326868314,0.2873439385187074,0.29152566072899994,0.30951248300529716,AutoTiDE
OT_w501_exogenous_process_entropy,mae,0.27304993036563513,0.2809308916491613,0.28012274919198915,0.31428601340173334,0.3118761262367969,0.29267028109106413,0.2952672485423021,0.3133952246064503,AutoTiDE
OT_w501_exogenous_process_entropy_inverted,mae,0.27304993036563513,0.2809308916491613,0.28012274919198915,0.31428601340173334,0.3118761262367969,0.29267028109106413,0.2952672485423021,0.3133952246064503,AutoTiDE
OT_w501_exogenous_process_farm,mae,0.27304993036563513,0.2779779868925638,0.28004453157692855,0.31413442483411685,0.31107136611411773,0.2873457166408741,0.28728447094712234,0.30909451679522587,AutoTiDE
OT_w501_exogenous_process_mutual_info,mae,0.27304993036563513,0.2795842188394487,0.2802278796286051,0.31748799312968795,0.31779882291344025,0.2944907995559037,0.2898132903585878,0.3095258676503449,AutoTiDE
OT_w501_exogenous_process_mutual_info_inverted,mae,0.27304993036563513,0.2795842188394487,0.2802278796286051,0.31748799312968795,0.31779882291344025,0.2944907995559037,0.2898132903585878,0.3095258676503449,AutoTiDE
OT_w501_exogenous_process_rollcorr,mae,0.27304993036563513,0.280110964883333,0.27992321681066284,0.3135741268701421,0.3128028751878422,0.28297415301177614,0.28838004878471063,0.30756012019631296,AutoTiDE
OT_w501_exogenous_process_rollcorr_inverted,mae,0.27304993036563513,0.280110964883333,0.27992321681066284,0.3135741268701421,0.3128028751878422,0.28297415301177614,0.28838004878471063,0.30756012019631296,AutoTiDE
OT_w501_exogenous_process_rollcov,mae,0.27304993036563513,0.27896169686968203,0.27986155313392547,0.31394309784008084,0.3137461978491135,0.28274782645304963,0.28724713134261076,0.30812474692180597,AutoTiDE
OT_w501_exogenous_process_rollcov_inverted,mae,0.27304993036563513,0.27896169686968203,0.27986155313392547,0.31394309784008084,0.3137461978491135,0.28274782645304963,0.28724713134261076,0.30812474692180597,AutoTiDE
OT_w751_exogenous_process_dtw,mae,0.27304993036563513,0.2802975768279686,0.2799343745597664,0.31359755211737117,0.30897429927667813,0.2894759846909533,0.28953421578075944,0.31106701653147467,AutoTiDE
OT_w751_exogenous_process_dtw_inverted,mae,0.27304993036563513,0.2802975768279686,0.2799343745597664,0.31359755211737117,0.30897429927667813,0.2894759846909533,0.28953421578075944,0.31106701653147467,AutoTiDE
OT_w751_exogenous_process_entropy,mae,0.27304993036563513,0.28008253303117925,0.28013835093456946,0.3145620501987349,0.31338619878987356,0.29087678886070306,0.29080521212748656,0.3073319628736797,AutoTiDE
OT_w751_exogenous_process_entropy_inverted,mae,0.27304993036563513,0.28008253303117925,0.28013835093456946,0.3145620501987349,0.31338619878987356,0.29087678886070306,0.29080521212748656,0.3073319628736797,AutoTiDE
OT_w751_exogenous_process_farm,mae,0.27304993036563513,0.27622800490303284,0.28006695142069077,0.3145614063781099,0.3101936183379401,0.28859545570646195,0.2862300695617639,0.3044395989461529,AutoTiDE
OT_w751_exogenous_process_mutual_info,mae,0.27304993036563513,0.27866102668279696,0.280023332413999,0.3154057014111549,0.3149186378043814,0.2895654210419823,0.2839406401763467,0.30283256529346203,AutoTiDE
OT_w751_exogenous_process_mutual_info_inverted,mae,0.27304993036563513,0.27866102668279696,0.280023332413999,0.3154057014111549,0.3149186378043814,0.2895654210419823,0.2839406401763467,0.30283256529346203,AutoTiDE
OT_w751_exogenous_process_rollcorr,mae,0.27304993036563513,0.27856702244956477,0.28029533462396755,0.3141884764586121,0.3068731308488413,0.2888300833886547,0.28790371435027634,0.3061247801457352,AutoTiDE
OT_w751_exogenous_process_rollcorr_inverted,mae,0.27304993036563513,0.27856702244956477,0.28029533462396755,0.3141884764586121,0.3068731308488413,0.2888300833886547,0.28790371435027634,0.3061247801457352,AutoTiDE
OT_w751_exogenous_process_rollcov,mae,0.27304993036563513,0.27754018756769466,0.28008543800008384,0.3144777317912138,0.3068337230107212,0.2900240783668967,0.28798692680196897,0.30672927218904056,AutoTiDE
OT_w751_exogenous_process_rollcov_inverted,mae,0.27304993036563513,0.27754018756769466,0.28008543800008384,0.3144777317912138,0.3068337230107212,0.2900240783668967,0.28798692680196897,0.30672927218904056,AutoTiDE
OT_raw,rmse,0.3604603602373655,0.3606985865241464,0.3655069227080188,0.39953247306871736,0.40272327494128357,0.371745624021404,0.37084195813409376,0.3969705395212926,AutoTiDE
OT_w1001_exogenous_process_dtw,rmse,0.3604603602373655,0.36258665834295567,0.3663582327509898,0.4007629308279402,0.3999853894400662,0.3791308485578294,0.36854472453889475,0.3953266116782805,AutoTiDE
OT_w1001_exogenous_process_dtw_inverted,rmse,0.3604603602373655,0.36258665834295567,0.3663582327509898,0.4007629308279402,0.3999853894400662,0.3791308485578294,0.36854472453889475,0.3953266116782805,AutoTiDE
OT_w1001_exogenous_process_entropy,rmse,0.3604603602373655,0.36281685996431406,0.3660146000844045,0.40016886206208224,0.41225482962366716,0.38436149446611906,0.375124958902058,0.3997147170288039,AutoTiDE
OT_w1001_exogenous_process_entropy_inverted,rmse,0.3604603602373655,0.36281685996431406,0.3660146000844045,0.40016886206208224,0.41225482962366716,0.38436149446611906,0.375124958902058,0.3997147170288039,AutoTiDE
OT_w1001_exogenous_process_farm,rmse,0.3604603602373655,0.36096419565611343,0.3650773277356634,0.4001010919293334,0.4034305923272453,0.37155763840827083,0.3704750098540338,0.3959812490172784,AutoTiDE
OT_w1001_exogenous_process_mutual_info,rmse,0.3604603602373655,0.36228679563292215,0.3665314356070666,0.4017983381589583,0.4090847966390583,0.37738932478653864,0.37215467513291356,0.3935673672634889,AutoTiDE
OT_w1001_exogenous_process_mutual_info_inverted,rmse,0.3604603602373655,0.36228679563292215,0.3665314356070666,0.4017983381589583,0.4090847966390583,0.37738932478653864,0.37215467513291356,0.3935673672634889,AutoTiDE
OT_w1001_exogenous_process_rollcorr,rmse,0.3604603602373655,0.3634389877230727,0.3660078254702009,0.4004692831229798,0.40237480410779597,0.3746291293556063,0.3733331660390195,0.3992281691835979,AutoTiDE
OT_w1001_exogenous_process_rollcorr_inverted,rmse,0.3604603602373655,0.3634389877230727,0.3660078254702009,0.4004692831229798,0.40237480410779597,0.3746291293556063,0.3733331660390195,0.3992281691835979,AutoTiDE
OT_w1001_exogenous_process_rollcov,rmse,0.3604603602373655,0.3629700927067044,0.36583929050155267,0.39945766802967314,0.40567315911028984,0.37654968202051237,0.3739399167864283,0.3995202143753236,AutoTiDE
OT_w1001_exogenous_process_rollcov_inverted,rmse,0.3604603602373655,0.3629700927067044,0.36583929050155267,0.39945766802967314,0.40567315911028984,0.37654968202051237,0.3739399167864283,0.3995202143753236,AutoTiDE
OT_w1251_exogenous_process_dtw,rmse,0.3604603602373655,0.3617578747511048,0.36616144253312555,0.39915236167184176,0.40466982728867146,0.37662956029729744,0.37235298563312563,0.3939174375128451,AutoTiDE
OT_w1251_exogenous_process_dtw_inverted,rmse,0.3604603602373655,0.3617578747511048,0.36616144253312555,0.39915236167184176,0.40466982728867146,0.37662956029729744,0.37235298563312563,0.3939174375128451,AutoTiDE
OT_w1251_exogenous_process_entropy,rmse,0.3604603602373655,0.3616980009226736,0.36536988723918823,0.40084988217250184,0.41652507117046855,0.3747957967508191,0.37228674435027553,0.3985414140634575,AutoTiDE
OT_w1251_exogenous_process_entropy_inverted,rmse,0.3604603602373655,0.3616980009226736,0.36536988723918823,0.40084988217250184,0.41652507117046855,0.3747957967508191,0.37228674435027553,0.3985414140634575,AutoTiDE
OT_w1251_exogenous_process_farm,rmse,0.3604603602373655,0.3613250703866448,0.3655843807728324,0.39999090076900834,0.4044245145237293,0.37399911755334836,0.37188956032818793,0.40001548249561764,AutoTiDE
OT_w1251_exogenous_process_mutual_info,rmse,0.3604603602373655,0.36158881678239363,0.36575024724683497,0.40098085335957406,0.40535802140445687,0.3800354101111652,0.3731384182254963,0.39978010957118576,AutoTiDE
OT_w1251_exogenous_process_mutual_info_inverted,rmse,0.3604603602373655,0.36158881678239363,0.36575024724683497,0.40098085335957406,0.40535802140445687,0.3800354101111652,0.3731384182254963,0.39978010957118576,AutoTiDE
OT_w1251_exogenous_process_rollcorr,rmse,0.3604603602373655,0.36212502056466955,0.3662190796012938,0.40016049854672064,0.4000083213017315,0.37368258642472646,0.3721627539540036,0.39533008736134484,AutoTiDE
OT_w1251_exogenous_process_rollcorr_inverted,rmse,0.3604603602373655,0.36212502056466955,0.3662190796012938,0.40016049854672064,0.4000083213017315,0.37368258642472646,0.3721627539540036,0.39533008736134484,AutoTiDE
OT_w1251_exogenous_process_rollcov,rmse,0.3604603602373655,0.3611620343356269,0.36583172663532,0.39994093236683786,0.3986477922618475,0.3723589964677123,0.3719618093926527,0.39546784227647885,AutoTiDE
OT_w1251_exogenous_process_rollcov_inverted,rmse,0.3604603602373655,0.3611620343356269,0.36583172663532,0.39994093236683786,0.3986477922618475,0.3723589964677123,0.3719618093926527,0.39546784227647885,AutoTiDE
OT_w1501_exogenous_process_dtw,rmse,0.3604603602373655,0.361685180885878,0.3652781880397701,0.39929642368376567,0.40909798466572844,0.37392430458960635,0.3717329749990005,0.39762384964181013,AutoTiDE
OT_w1501_exogenous_process_dtw_inverted,rmse,0.3604603602373655,0.361685180885878,0.3652781880397701,0.39929642368376567,0.40909798466572844,0.37392430458960635,0.3717329749990005,0.39762384964181013,AutoTiDE
OT_w1501_exogenous_process_entropy,rmse,0.3604603602373655,0.36234788980236093,0.3653758433484957,0.40126343397455877,0.41336086989810816,0.3766510235796296,0.37262530965410373,0.3966823987060936,AutoTiDE
OT_w1501_exogenous_process_entropy_inverted,rmse,0.3604603602373655,0.36234788980236093,0.3653758433484957,0.40126343397455877,0.41336086989810816,0.3766510235796296,0.37262530965410373,0.3966823987060936,AutoTiDE
OT_w1501_exogenous_process_farm,rmse,0.3604603602373655,0.3593397953727461,0.3656652293276528,0.4003339689926947,0.4021632064641123,0.3741219197077216,0.3705989829474709,0.3982124906719336,AutoBiTCN
OT_w1501_exogenous_process_mutual_info,rmse,0.3604603602373655,0.35980292114637513,0.365610080325061,0.4004403240882555,0.41485607191577817,0.3804237595285479,0.37386525003540305,0.40506076551284803,AutoBiTCN
OT_w1501_exogenous_process_mutual_info_inverted,rmse,0.3604603602373655,0.35980292114637513,0.365610080325061,0.4004403240882555,0.41485607191577817,0.3804237595285479,0.37386525003540305,0.40506076551284803,AutoBiTCN
OT_w1501_exogenous_process_rollcorr,rmse,0.3604603602373655,0.3598914968269016,0.3657142669313197,0.39959889752978306,0.40229968252127113,0.3787217000058195,0.3695230640599041,0.3964953641471531,AutoBiTCN
OT_w1501_exogenous_process_rollcorr_inverted,rmse,0.3604603602373655,0.3598914968269016,0.3657142669313197,0.39959889752978306,0.40229968252127113,0.3787217000058195,0.3695230640599041,0.3964953641471531,AutoBiTCN
OT_w1501_exogenous_process_rollcov,rmse,0.3604603602373655,0.3589838524136463,0.36549431944056554,0.39963385319500716,0.3991671557390725,0.3777805034442088,0.36940453106357823,0.39715869538735765,AutoBiTCN
OT_w1501_exogenous_process_rollcov_inverted,rmse,0.3604603602373655,0.3589838524136463,0.36549431944056554,0.39963385319500716,0.3991671557390725,0.3777805034442088,0.36940453106357823,0.39715869538735765,AutoBiTCN
OT_w501_exogenous_process_dtw,rmse,0.3604603602373655,0.3628890581528285,0.36630943969770663,0.4029308532989572,0.41123953743398045,0.3748701914926565,0.3747954644564403,0.4008307922080087,AutoTiDE
OT_w501_exogenous_process_dtw_inverted,rmse,0.3604603602373655,0.3628890581528285,0.36630943969770663,0.4029308532989572,0.41123953743398045,0.3748701914926565,0.3747954644564403,0.4008307922080087,AutoTiDE
OT_w501_exogenous_process_entropy,rmse,0.3604603602373655,0.364581038464959,0.36594318734000064,0.4006384658951275,0.40513743286439774,0.38065820538275313,0.3797489375595043,0.4059576953305535,AutoTiDE
OT_w501_exogenous_process_entropy_inverted,rmse,0.3604603602373655,0.364581038464959,0.36594318734000064,0.4006384658951275,0.40513743286439774,0.38065820538275313,0.3797489375595043,0.4059576953305535,AutoTiDE
OT_w501_exogenous_process_farm,rmse,0.3604603602373655,0.3615647081308,0.36580030023753596,0.4000008420842851,0.40488336787754003,0.3740059926573485,0.37111521902874023,0.40020027482779186,AutoTiDE
OT_w501_exogenous_process_mutual_info,rmse,0.3604603602373655,0.3620938234463057,0.36584869172967655,0.40359575417007476,0.412178225411045,0.3842907808981875,0.3744338449101695,0.40187194480582306,AutoTiDE
OT_w501_exogenous_process_mutual_info_inverted,rmse,0.3604603602373655,0.3620938234463057,0.36584869172967655,0.40359575417007476,0.412178225411045,0.3842907808981875,0.3744338449101695,0.40187194480582306,AutoTiDE
OT_w501_exogenous_process_rollcorr,rmse,0.3604603602373655,0.3633910650655624,0.36559556246941716,0.39913792782794194,0.41127642395449165,0.3684666415700625,0.37212708624975316,0.4004899964003319,AutoTiDE
OT_w501_exogenous_process_rollcorr_inverted,rmse,0.3604603602373655,0.3633910650655624,0.36559556246941716,0.39913792782794194,0.41127642395449165,0.3684666415700625,0.37212708624975316,0.4004899964003319,AutoTiDE
OT_w501_exogenous_process_rollcov,rmse,0.3604603602373655,0.3622848397592347,0.36552853737510244,0.39946156685063744,0.41217128017192256,0.36852336426842686,0.37081366320825243,0.40116376213598187,AutoTiDE
OT_w501_exogenous_process_rollcov_inverted,rmse,0.3604603602373655,0.3622848397592347,0.36552853737510244,0.39946156685063744,0.41217128017192256,0.36852336426842686,0.37081366320825243,0.40116376213598187,AutoTiDE
OT_w751_exogenous_process_dtw,rmse,0.3604603602373655,0.3642380873473897,0.36566761963016614,0.4000469504240462,0.403287406486015,0.3782881898564212,0.37244013912745183,0.4031690711979947,AutoTiDE
OT_w751_exogenous_process_dtw_inverted,rmse,0.3604603602373655,0.3642380873473897,0.36566761963016614,0.4000469504240462,0.403287406486015,0.3782881898564212,0.37244013912745183,0.4031690711979947,AutoTiDE
OT_w751_exogenous_process_entropy,rmse,0.3604603602373655,0.3632251619801312,0.36597904332255193,0.40031062432650877,0.4081500192481845,0.3802689633634667,0.37568906157007204,0.3996499321488208,AutoTiDE
OT_w751_exogenous_process_entropy_inverted,rmse,0.3604603602373655,0.3632251619801312,0.36597904332255193,0.40031062432650877,0.4081500192481845,0.3802689633634667,0.37568906157007204,0.3996499321488208,AutoTiDE
OT_w751_exogenous_process_farm,rmse,0.3604603602373655,0.36026203280479113,0.3656933027972646,0.4002228979464755,0.40366863132549563,0.375891056711332,0.3710774385917611,0.39699434478791557,AutoBiTCN
OT_w751_exogenous_process_mutual_info,rmse,0.3604603602373655,0.3607285669471318,0.3656014534516211,0.40128514376812785,0.41092017806564485,0.3769276638601602,0.3668056459007315,0.3947900599779804,AutoTiDE
OT_w751_exogenous_process_mutual_info_inverted,rmse,0.3604603602373655,0.3607285669471318,0.3656014534516211,0.40128514376812785,0.41092017806564485,0.3769276638601602,0.3668056459007315,0.3947900599779804,AutoTiDE
OT_w751_exogenous_process_rollcorr,rmse,0.3604603602373655,0.3618789715876771,0.3662080527282382,0.3998380487452353,0.40145941857678075,0.37398996541281165,0.3712734269072223,0.3977481475944695,AutoTiDE
OT_w751_exogenous_process_rollcorr_inverted,rmse,0.3604603602373655,0.3618789715876771,0.3662080527282382,0.3998380487452353,0.40145941857678075,0.37398996541281165,0.3712734269072223,0.3977481475944695,AutoTiDE
OT_w751_exogenous_process_rollcov,rmse,0.3604603602373655,0.36088532486460373,0.3657706948952919,0.4001982998389615,0.39947749850425096,0.3765295916383838,0.3716614241444193,0.39870410593831807,AutoTiDE
OT_w751_exogenous_process_rollcov_inverted,rmse,0.3604603602373655,0.36088532486460373,0.3657706948952919,0.4001982998389615,0.39947749850425096,0.3765295916383838,0.3716614241444193,0.39870410593831807,AutoTiDE
OT_raw,mape,0.48559097965084513,0.521060011151734,0.5012964436633035,0.6779404368929736,0.6008234382553371,0.5659877469594456,0.5260630432840723,0.6533846609747856,AutoTiDE
OT_w1001_exogenous_process_dtw,mape,0.48559097965084513,0.5247279788688612,0.5023326756992003,0.6936628892017802,0.5857388490622466,0.5630626849166117,0.5325894345753278,0.6496671724774576,AutoTiDE
OT_w1001_exogenous_process_dtw_inverted,mape,0.48559097965084513,0.5247279788688612,0.5023326756992003,0.6936628892017802,0.5857388490622466,0.5630626849166117,0.5325894345753278,0.6496671724774576,AutoTiDE
OT_w1001_exogenous_process_entropy,mape,0.48559097965084513,0.5237762965119583,0.5035165476888307,0.6793269117697435,0.6291030239279168,0.5583616835919569,0.5097848927266343,0.645852548197196,AutoTiDE
OT_w1001_exogenous_process_entropy_inverted,mape,0.48559097965084513,0.5237762965119583,0.5035165476888307,0.6793269117697435,0.6291030239279168,0.5583616835919569,0.5097848927266343,0.645852548197196,AutoTiDE
OT_w1001_exogenous_process_farm,mape,0.48559097965084513,0.5143531754058256,0.5007853912207606,0.6718064837028278,0.5994469066342313,0.5691916738238122,0.5264007138853191,0.6416755678062654,AutoTiDE
OT_w1001_exogenous_process_mutual_info,mape,0.48559097965084513,0.522659037260136,0.5045753433582462,0.68127489474305,0.5774535753114853,0.5435789246195829,0.4879944167486642,0.5950957772124698,AutoTiDE
OT_w1001_exogenous_process_mutual_info_inverted,mape,0.48559097965084513,0.522659037260136,0.5045753433582462,0.68127489474305,0.5774535753114853,0.5435789246195829,0.4879944167486642,0.5950957772124698,AutoTiDE
OT_w1001_exogenous_process_rollcorr,mape,0.48559097965084513,0.531453608421758,0.5022069300971151,0.6799228914637673,0.5955746482663593,0.5759626201914516,0.5356222571901235,0.6574032630905458,AutoTiDE
OT_w1001_exogenous_process_rollcorr_inverted,mape,0.48559097965084513,0.531453608421758,0.5022069300971151,0.6799228914637673,0.5955746482663593,0.5759626201914516,0.5356222571901235,0.6574032630905458,AutoTiDE
OT_w1001_exogenous_process_rollcov,mape,0.48559097965084513,0.5188928729848361,0.5008772042278373,0.6765686710041221,0.6099841932556685,0.5737417973044157,0.5227774984102305,0.6434407342397183,AutoTiDE
OT_w1001_exogenous_process_rollcov_inverted,mape,0.48559097965084513,0.5188928729848361,0.5008772042278373,0.6765686710041221,0.6099841932556685,0.5737417973044157,0.5227774984102305,0.6434407342397183,AutoTiDE
OT_w1251_exogenous_process_dtw,mape,0.48559097965084513,0.5212855460495941,0.5025524430573006,0.7011071285096261,0.5865135621022377,0.5577970010110962,0.5333358880532761,0.6423051963794769,AutoTiDE
OT_w1251_exogenous_process_dtw_inverted,mape,0.48559097965084513,0.5212855460495941,0.5025524430573006,0.7011071285096261,0.5865135621022377,0.5577970010110962,0.5333358880532761,0.6423051963794769,AutoTiDE
OT_w1251_exogenous_process_entropy,mape,0.48559097965084513,0.5144740006341798,0.5024068370248035,0.6727385198361829,0.6323365688784849,0.5299665713168495,0.5163420793083838,0.6338025145235521,AutoTiDE
OT_w1251_exogenous_process_entropy_inverted,mape,0.48559097965084513,0.5144740006341798,0.5024068370248035,0.6727385198361829,0.6323365688784849,0.5299665713168495,0.5163420793083838,0.6338025145235521,AutoTiDE
OT_w1251_exogenous_process_farm,mape,0.48559097965084513,0.519201777186034,0.50394693306833,0.6833242075781021,0.6023603413639536,0.5704659319633776,0.5303484708665706,0.6484795834283966,AutoTiDE
OT_w1251_exogenous_process_mutual_info,mape,0.48559097965084513,0.5187104055711279,0.5040535020552368,0.6957957302881843,0.5909879869947515,0.5547880030670483,0.5266101998768189,0.6235226367098368,AutoTiDE
OT_w1251_exogenous_process_mutual_info_inverted,mape,0.48559097965084513,0.5187104055711279,0.5040535020552368,0.6957957302881843,0.5909879869947515,0.5547880030670483,0.5266101998768189,0.6235226367098368,AutoTiDE
OT_w1251_exogenous_process_rollcorr,mape,0.48559097965084513,0.5235235412525554,0.5039963469487594,0.6761936593483117,0.5992434008539461,0.5601462017124961,0.5395541068674277,0.6620834980048111,AutoTiDE
OT_w1251_exogenous_process_rollcorr_inverted,mape,0.48559097965084513,0.5235235412525554,0.5039963469487594,0.6761936593483117,0.5992434008539461,0.5601462017124961,0.5395541068674277,0.6620834980048111,AutoTiDE
OT_w1251_exogenous_process_rollcov,mape,0.48559097965084513,0.5203271155694915,0.5044003586251742,0.6728113045385967,0.604762925989461,0.558850382719592,0.5347435647631362,0.6535976852019615,AutoTiDE
OT_w1251_exogenous_process_rollcov_inverted,mape,0.48559097965084513,0.5203271155694915,0.5044003586251742,0.6728113045385967,0.604762925989461,0.558850382719592,0.5347435647631362,0.6535976852019615,AutoTiDE
OT_w1501_exogenous_process_dtw,mape,0.48559097965084513,0.5189740832860693,0.5004397058118426,0.6987264400664046,0.6169509177450019,0.5559269831019619,0.5363518529360487,0.6611469100385706,AutoTiDE
OT_w1501_exogenous_process_dtw_inverted,mape,0.48559097965084513,0.5189740832860693,0.5004397058118426,0.6987264400664046,0.6169509177450019,0.5559269831019619,0.5363518529360487,0.6611469100385706,AutoTiDE
OT_w1501_exogenous_process_entropy,mape,0.48559097965084513,0.5173921484223777,0.5034317301357905,0.6827217450962771,0.6184864378906946,0.536031429346331,0.5334152891514352,0.6462375731320806,AutoTiDE
OT_w1501_exogenous_process_entropy_inverted,mape,0.48559097965084513,0.5173921484223777,0.5034317301357905,0.6827217450962771,0.6184864378906946,0.536031429346331,0.5334152891514352,0.6462375731320806,AutoTiDE
OT_w1501_exogenous_process_farm,mape,0.48559097965084513,0.5044899869301296,0.5033019080382355,0.677308626763713,0.5872585980468716,0.5605849840048003,0.5221441441434385,0.6276190793398908,AutoTiDE
OT_w1501_exogenous_process_mutual_info,mape,0.48559097965084513,0.5288528809077767,0.49947347884811144,0.6684224195388004,0.6177522489642975,0.5202992630989267,0.5122062604891495,0.6415630169950234,AutoTiDE
OT_w1501_exogenous_process_mutual_info_inverted,mape,0.48559097965084513,0.5288528809077767,0.49947347884811144,0.6684224195388004,0.6177522489642975,0.5202992630989267,0.5122062604891495,0.6415630169950234,AutoTiDE
OT_w1501_exogenous_process_rollcorr,mape,0.48559097965084513,0.526526079308858,0.502079816234511,0.6807710806768761,0.596542073220983,0.5686169983413342,0.5345835687878152,0.6547844437950873,AutoTiDE
OT_w1501_exogenous_process_rollcorr_inverted,mape,0.48559097965084513,0.526526079308858,0.502079816234511,0.6807710806768761,0.596542073220983,0.5686169983413342,0.5345835687878152,0.6547844437950873,AutoTiDE
OT_w1501_exogenous_process_rollcov,mape,0.48559097965084513,0.5228152585117203,0.5029790243042792,0.6805806632104496,0.5860528279010971,0.5672087888612967,0.5382014924316945,0.6583311871132186,AutoTiDE
OT_w1501_exogenous_process_rollcov_inverted,mape,0.48559097965084513,0.5228152585117203,0.5029790243042792,0.6805806632104496,0.5860528279010971,0.5672087888612967,0.5382014924316945,0.6583311871132186,AutoTiDE
OT_w501_exogenous_process_dtw,mape,0.48559097965084513,0.5205397929297871,0.5048077448476971,0.6910305706886953,0.6016836081806859,0.5545923591018078,0.5277949570297538,0.6587964385542077,AutoTiDE
OT_w501_exogenous_process_dtw_inverted,mape,0.48559097965084513,0.5205397929297871,0.5048077448476971,0.6910305706886953,0.6016836081806859,0.5545923591018078,0.5277949570297538,0.6587964385542077,AutoTiDE
OT_w501_exogenous_process_entropy,mape,0.48559097965084513,0.5525775453690562,0.5043517601182615,0.6863817667129718,0.6196261523877524,0.5746349142238861,0.526731665120822,0.655609927647216,AutoTiDE
OT_w501_exogenous_process_entropy_inverted,mape,0.48559097965084513,0.5525775453690562,0.5043517601182615,0.6863817667129718,0.6196261523877524,0.5746349142238861,0.526731665120822,0.655609927647216,AutoTiDE
OT_w501_exogenous_process_farm,mape,0.48559097965084513,0.5174791687778251,0.5023070637068529,0.6885906974604961,0.5977435888402867,0.5885585688799043,0.5232859714136314,0.663790110169813,AutoTiDE
OT_w501_exogenous_process_mutual_info,mape,0.48559097965084513,0.5308584199938832,0.5015984072047566,0.6894186977022689,0.5920068626624011,0.5495620435364359,0.5205906769846699,0.621443359429723,AutoTiDE
OT_w501_exogenous_process_mutual_info_inverted,mape,0.48559097965084513,0.5308584199938832,0.5015984072047566,0.6894186977022689,0.5920068626624011,0.5495620435364359,0.5205906769846699,0.621443359429723,AutoTiDE
OT_w501_exogenous_process_rollcorr,mape,0.48559097965084513,0.5314441834220028,0.5010978327299427,0.670987315209834,0.6033039967840623,0.5669507864384885,0.5354143683860438,0.6482594177078331,AutoTiDE
OT_w501_exogenous_process_rollcorr_inverted,mape,0.48559097965084513,0.5314441834220028,0.5010978327299427,0.670987315209834,0.6033039967840623,0.5669507864384885,0.5354143683860438,0.6482594177078331,AutoTiDE
OT_w501_exogenous_process_rollcov,mape,0.48559097965084513,0.5249566080934419,0.5006493863673364,0.6775242452960194,0.5992260378234286,0.5638982328602287,0.5297054187462833,0.6519106792988831,AutoTiDE
OT_w501_exogenous_process_rollcov_inverted,mape,0.48559097965084513,0.5249566080934419,0.5006493863673364,0.6775242452960194,0.5992260378234286,0.5638982328602287,0.5297054187462833,0.6519106792988831,AutoTiDE
OT_w751_exogenous_process_dtw,mape,0.48559097965084513,0.5218527245990174,0.5034367514027791,0.6792292057105541,0.5904803322099161,0.5647302237708831,0.5416184733810755,0.6756680011053303,AutoTiDE
OT_w751_exogenous_process_dtw_inverted,mape,0.48559097965084513,0.5218527245990174,0.5034367514027791,0.6792292057105541,0.5904803322099161,0.5647302237708831,0.5416184733810755,0.6756680011053303,AutoTiDE
OT_w751_exogenous_process_entropy,mape,0.48559097965084513,0.5400080995866433,0.5039730682881076,0.6755359180667311,0.621437111144536,0.5675641286794285,0.5123206964693466,0.6474816670111018,AutoTiDE
OT_w751_exogenous_process_entropy_inverted,mape,0.48559097965084513,0.5400080995866433,0.5039730682881076,0.6755359180667311,0.621437111144536,0.5675641286794285,0.5123206964693466,0.6474816670111018,AutoTiDE
OT_w751_exogenous_process_farm,mape,0.48559097965084513,0.509186684008973,0.5026188569448634,0.682514182950282,0.5956308282020679,0.5659616352469048,0.525705660822999,0.6364374574358007,AutoTiDE
OT_w751_exogenous_process_mutual_info,mape,0.48559097965084513,0.5298322092752397,0.5074406970557536,0.6858685264196073,0.6069680516317809,0.5590166096925957,0.5179945473798095,0.6403131384379873,AutoTiDE
OT_w751_exogenous_process_mutual_info_inverted,mape,0.48559097965084513,0.5298322092752397,0.5074406970557536,0.6858685264196073,0.6069680516317809,0.5590166096925957,0.5179945473798095,0.6403131384379873,AutoTiDE
OT_w751_exogenous_process_rollcorr,mape,0.48559097965084513,0.5267340194767968,0.5024592665263232,0.674391273045465,0.5924498333056653,0.5686167744462495,0.53274566676213,0.649541556284775,AutoTiDE
OT_w751_exogenous_process_rollcorr_inverted,mape,0.48559097965084513,0.5267340194767968,0.5024592665263232,0.674391273045465,0.5924498333056653,0.5686167744462495,0.53274566676213,0.649541556284775,AutoTiDE
OT_w751_exogenous_process_rollcov,mape,0.48559097965084513,0.5132065416846853,0.5035573199300813,0.6806729649262188,0.5994727087998254,0.5764403235025003,0.5254063123071981,0.6366763657253187,AutoTiDE
OT_w751_exogenous_process_rollcov_inverted,mape,0.48559097965084513,0.5132065416846853,0.5035573199300813,0.6806729649262188,0.5994727087998254,0.5764403235025003,0.5254063123071981,0.6366763657253187,AutoTiDE
OT_raw,smape,0.15147511461230745,0.15025527248442047,0.15041010410704905,0.16456657031321234,0.17175104608279065,0.15670940289714055,0.15779203032814876,0.1630245954855693,AutoBiTCN
OT_w1001_exogenous_process_dtw,smape,0.15147511461230745,0.1512043878814424,0.15067616257611566,0.16429772833957615,0.16962832442466386,0.16171949616769296,0.15633638826194873,0.1635236825335426,AutoDeepNPTS
OT_w1001_exogenous_process_dtw_inverted,smape,0.15147511461230745,0.1512043878814424,0.15067616257611566,0.16429772833957615,0.16962832442466386,0.16171949616769296,0.15633638826194873,0.1635236825335426,AutoDeepNPTS
OT_w1001_exogenous_process_entropy,smape,0.15147511461230745,0.15357167544085004,0.15093546106674083,0.16481529600926428,0.17574537203172877,0.1640906867851119,0.16292616717393704,0.1683717999458579,AutoDeepNPTS
OT_w1001_exogenous_process_entropy_inverted,smape,0.15147511461230745,0.15357167544085004,0.15093546106674083,0.16481529600926428,0.17574537203172877,0.1640906867851119,0.16292616717393704,0.1683717999458579,AutoDeepNPTS
OT_w1001_exogenous_process_farm,smape,0.15147511461230745,0.15038555230284809,0.15023782875350625,0.1643656625686902,0.17166575636455111,0.15761465616125842,0.15705988976607213,0.16214671108348683,AutoDeepNPTS
OT_w1001_exogenous_process_mutual_info,smape,0.15147511461230745,0.1527289194702446,0.15098873323309844,0.16593045534282508,0.17554024279978186,0.16091293964328665,0.1611663874040923,0.16544887879318063,AutoDeepNPTS
OT_w1001_exogenous_process_mutual_info_inverted,smape,0.15147511461230745,0.1527289194702446,0.15098873323309844,0.16593045534282508,0.17554024279978186,0.16091293964328665,0.1611663874040923,0.16544887879318063,AutoDeepNPTS
OT_w1001_exogenous_process_rollcorr,smape,0.15147511461230745,0.15244669111907522,0.15072916741166562,0.1651183695136066,0.17066128341876238,0.15936474738599246,0.15920619370921835,0.1631757313663952,AutoDeepNPTS
OT_w1001_exogenous_process_rollcorr_inverted,smape,0.15147511461230745,0.15244669111907522,0.15072916741166562,0.1651183695136066,0.17066128341876238,0.15936474738599246,0.15920619370921835,0.1631757313663952,AutoDeepNPTS
OT_w1001_exogenous_process_rollcov,smape,0.15147511461230745,0.15228906778057058,0.15077317463855847,0.1644528351220262,0.17298178549476648,0.16013617796723104,0.1601001888990902,0.1638934553805692,AutoDeepNPTS
OT_w1001_exogenous_process_rollcov_inverted,smape,0.15147511461230745,0.15228906778057058,0.15077317463855847,0.1644528351220262,0.17298178549476648,0.16013617796723104,0.1601001888990902,0.1638934553805692,AutoDeepNPTS
OT_w1251_exogenous_process_dtw,smape,0.15147511461230745,0.15112548200122128,0.1506453780564081,0.16388055675069818,0.17498834748515804,0.15971091406338575,0.15970999094274782,0.16206303973819872,AutoDeepNPTS
OT_w1251_exogenous_process_dtw_inverted,smape,0.15147511461230745,0.15112548200122128,0.1506453780564081,0.16388055675069818,0.17498834748515804,0.15971091406338575,0.15970999094274782,0.16206303973819872,AutoDeepNPTS
OT_w1251_exogenous_process_entropy,smape,0.15147511461230745,0.15230717044602535,0.15041514661586117,0.1651581887931364,0.1751390372096382,0.15831575016737973,0.16002484938167816,0.166320540299082,AutoDeepNPTS
OT_w1251_exogenous_process_entropy_inverted,smape,0.15147511461230745,0.15230717044602535,0.15041514661586117,0.1651581887931364,0.1751390372096382,0.15831575016737973,0.16002484938167816,0.166320540299082,AutoDeepNPTS
OT_w1251_exogenous_process_farm,smape,0.15147511461230745,0.15102056855176288,0.1503540362106628,0.16464619774559058,0.17086793286800372,0.15689965730857844,0.15851170766004335,0.1643356317358733,AutoDeepNPTS
OT_w1251_exogenous_process_mutual_info,smape,0.15147511461230745,0.1513621774798885,0.1503452102794308,0.16513744254008222,0.17052894301202237,0.16155306297581787,0.1600956125350537,0.16590756887516805,AutoDeepNPTS
OT_w1251_exogenous_process_mutual_info_inverted,smape,0.15147511461230745,0.1513621774798885,0.1503452102794308,0.16513744254008222,0.17052894301202237,0.16155306297581787,0.1600956125350537,0.16590756887516805,AutoDeepNPTS
OT_w1251_exogenous_process_rollcorr,smape,0.15147511461230745,0.15087585989484856,0.15072562723337724,0.1648843762102505,0.16855684283718492,0.15786298635219664,0.15784410955858308,0.1615562962409025,AutoDeepNPTS
OT_w1251_exogenous_process_rollcorr_inverted,smape,0.15147511461230745,0.15087585989484856,0.15072562723337724,0.1648843762102505,0.16855684283718492,0.15786298635219664,0.15784410955858308,0.1615562962409025,AutoDeepNPTS
OT_w1251_exogenous_process_rollcov,smape,0.15147511461230745,0.15081545563576693,0.15066589278419076,0.16489268299477766,0.16801109287061858,0.15701504083745108,0.1579560050991487,0.16183872209871394,AutoDeepNPTS
OT_w1251_exogenous_process_rollcov_inverted,smape,0.15147511461230745,0.15081545563576693,0.15066589278419076,0.16489268299477766,0.16801109287061858,0.15701504083745108,0.1579560050991487,0.16183872209871394,AutoDeepNPTS
OT_w1501_exogenous_process_dtw,smape,0.15147511461230745,0.15180701674726127,0.15017745769547433,0.16359573651799145,0.1753204628007207,0.1576187108419662,0.15938307845124686,0.1645268508508766,AutoDeepNPTS
OT_w1501_exogenous_process_dtw_inverted,smape,0.15147511461230745,0.15180701674726127,0.15017745769547433,0.16359573651799145,0.1753204628007207,0.1576187108419662,0.15938307845124686,0.1645268508508766,AutoDeepNPTS
OT_w1501_exogenous_process_entropy,smape,0.15147511461230745,0.1513153035539629,0.1503006851816071,0.16502279137185702,0.17320477391071953,0.16216255040306995,0.15831166477820285,0.16333785611526616,AutoDeepNPTS
OT_w1501_exogenous_process_entropy_inverted,smape,0.15147511461230745,0.1513153035539629,0.1503006851816071,0.16502279137185702,0.17320477391071953,0.16216255040306995,0.15831166477820285,0.16333785611526616,AutoDeepNPTS
OT_w1501_exogenous_process_farm,smape,0.15147511461230745,0.14918633940589346,0.15053680874659675,0.164873762729233,0.1717237691847785,0.15838781110514033,0.15777752022819316,0.16320441128797294,AutoBiTCN
OT_w1501_exogenous_process_mutual_info,smape,0.15147511461230745,0.1510372690731871,0.15062907057262728,0.16424304205511037,0.1782559481311611,0.16234903605036957,0.1602871221328236,0.1686835354161928,AutoDeepNPTS
OT_w1501_exogenous_process_mutual_info_inverted,smape,0.15147511461230745,0.1510372690731871,0.15062907057262728,0.16424304205511037,0.1782559481311611,0.16234903605036957,0.1602871221328236,0.1686835354161928,AutoDeepNPTS
OT_w1501_exogenous_process_rollcorr,smape,0.15147511461230745,0.14964696078446257,0.15058230751907484,0.16452523565394123,0.16933879317954373,0.1606639499623426,0.15646235514273804,0.1619838510887364,AutoBiTCN
OT_w1501_exogenous_process_rollcorr_inverted,smape,0.15147511461230745,0.14964696078446257,0.15058230751907484,0.16452523565394123,0.16933879317954373,0.1606639499623426,0.15646235514273804,0.1619838510887364,AutoBiTCN
OT_w1501_exogenous_process_rollcov,smape,0.15147511461230745,0.14968183770765833,0.150443636564012,0.164394419948326,0.1674466355890596,0.16043618268027388,0.15672580209222728,0.16276619836332312,AutoBiTCN
OT_w1501_exogenous_process_rollcov_inverted,smape,0.15147511461230745,0.14968183770765833,0.150443636564012,0.164394419948326,0.1674466355890596,0.16043618268027388,0.15672580209222728,0.16276619836332312,AutoBiTCN
OT_w501_exogenous_process_dtw,smape,0.15147511461230745,0.1518929319629141,0.15076154990858678,0.16426553053719725,0.17676987318951046,0.15813727894066495,0.1609857468556759,0.1684294295496247,AutoDeepNPTS
OT_w501_exogenous_process_dtw_inverted,smape,0.15147511461230745,0.1518929319629141,0.15076154990858678,0.16426553053719725,0.17676987318951046,0.15813727894066495,0.1609857468556759,0.1684294295496247,AutoDeepNPTS
OT_w501_exogenous_process_entropy,smape,0.15147511461230745,0.15523957565306987,0.1509672018668702,0.1644557138503847,0.17383078918630784,0.1636071259952053,0.1674235979494866,0.17344436598175045,AutoDeepNPTS
OT_w501_exogenous_process_entropy_inverted,smape,0.15147511461230745,0.15523957565306987,0.1509672018668702,0.1644557138503847,0.17383078918630784,0.1636071259952053,0.1674235979494866,0.17344436598175045,AutoDeepNPTS
OT_w501_exogenous_process_farm,smape,0.15147511461230745,0.15095592300772076,0.15053950447853087,0.16448845864817,0.17456368455143859,0.15705355574822766,0.1583145631117772,0.16494042443636425,AutoDeepNPTS
OT_w501_exogenous_process_mutual_info,smape,0.15147511461230745,0.15171082202492925,0.15052997293293632,0.1657157391857818,0.17616163217534062,0.16392220419979614,0.15928570770330655,0.1686443878343888,AutoDeepNPTS
OT_w501_exogenous_process_mutual_info_inverted,smape,0.15147511461230745,0.15171082202492925,0.15052997293293632,0.1657157391857818,0.17616163217534062,0.16392220419979614,0.15928570770330655,0.1686443878343888,AutoDeepNPTS
OT_w501_exogenous_process_rollcorr,smape,0.15147511461230745,0.15315567685882753,0.15061481565782545,0.1641701191830705,0.17290057090715244,0.15626977834267175,0.15884002239500342,0.16359146873542696,AutoDeepNPTS
OT_w501_exogenous_process_rollcorr_inverted,smape,0.15147511461230745,0.15315567685882753,0.15061481565782545,0.1641701191830705,0.17290057090715244,0.15626977834267175,0.15884002239500342,0.16359146873542696,AutoDeepNPTS
OT_w501_exogenous_process_rollcov,smape,0.15147511461230745,0.15189493286101163,0.1505636597687122,0.16438337400593242,0.1736994910571177,0.155768156786918,0.158030011240155,0.1638487522134708,AutoDeepNPTS
OT_w501_exogenous_process_rollcov_inverted,smape,0.15147511461230745,0.15189493286101163,0.1505636597687122,0.16438337400593242,0.1736994910571177,0.155768156786918,0.158030011240155,0.1638487522134708,AutoDeepNPTS
OT_w751_exogenous_process_dtw,smape,0.15147511461230745,0.15247320545211665,0.15052815438572506,0.16409896681591152,0.17088423412323422,0.158877084347389,0.1588601873117348,0.16628333504927414,AutoDeepNPTS
OT_w751_exogenous_process_dtw_inverted,smape,0.15147511461230745,0.15247320545211665,0.15052815438572506,0.16409896681591152,0.17088423412323422,0.158877084347389,0.1588601873117348,0.16628333504927414,AutoDeepNPTS
OT_w751_exogenous_process_entropy,smape,0.15147511461230745,0.15454846295112673,0.1508507268357633,0.16492707912076462,0.17393697202022804,0.1608493834492622,0.16347287901847332,0.16978845888047958,AutoDeepNPTS
OT_w751_exogenous_process_entropy_inverted,smape,0.15147511461230745,0.15454846295112673,0.1508507268357633,0.16492707912076462,0.17393697202022804,0.1608493834492622,0.16347287901847332,0.16978845888047958,AutoDeepNPTS
OT_w751_exogenous_process_farm,smape,0.15147511461230745,0.1494621609784612,0.1506187017652271,0.16450664619561153,0.17235316332290185,0.15905825635456972,0.1572065963714776,0.16225486896130042,AutoBiTCN
OT_w751_exogenous_process_mutual_info,smape,0.15147511461230745,0.15117141888765973,0.15016636413676582,0.16521590422413054,0.17418192330396617,0.16159207916879464,0.1565679181576788,0.16226818423089562,AutoDeepNPTS
OT_w751_exogenous_process_mutual_info_inverted,smape,0.15147511461230745,0.15117141888765973,0.15016636413676582,0.16521590422413054,0.17418192330396617,0.16159207916879464,0.1565679181576788,0.16226818423089562,AutoDeepNPTS
OT_w751_exogenous_process_rollcorr,smape,0.15147511461230745,0.15127090024655232,0.15054674381610353,0.16448234080855448,0.1679113533060126,0.16025757797962628,0.15791645506649274,0.16325806236215107,AutoDeepNPTS
OT_w751_exogenous_process_rollcorr_inverted,smape,0.15147511461230745,0.15127090024655232,0.15054674381610353,0.16448234080855448,0.1679113533060126,0.16025757797962628,0.15791645506649274,0.16325806236215107,AutoDeepNPTS
OT_w751_exogenous_process_rollcov,smape,0.15147511461230745,0.15034823012749998,0.15046642673336755,0.16475230206801642,0.16838681015149065,0.1599865746162901,0.15825101138560096,0.16376722937467125,AutoBiTCN
OT_w751_exogenous_process_rollcov_inverted,smape,0.15147511461230745,0.15034823012749998,0.15046642673336755,0.16475230206801642,0.16838681015149065,0.1599865746162901,0.15825101138560096,0.16376722937467125,AutoBiTCN
